,EC,Name,KM,Substrate,met,comments
20,1.1.1.1,alcohol dehydrogenase,9.45,5-hydroxymethylfurfural,,
3,1.1.1.1,alcohol dehydrogenase,0.22,acetaldehyde,acald,
8,1.1.1.1,alcohol dehydrogenase,0.74,acetaldehyde,acald,
9,1.1.1.1,alcohol dehydrogenase,0.83,acetaldehyde,acald,
12,1.1.1.1,alcohol dehydrogenase,2.83,acetaldehyde,acald,
25,1.1.1.1,alcohol dehydrogenase,14,benzaldehyde,,
32,1.1.1.1,alcohol dehydrogenase,33,benzaldehyde,,
33,1.1.1.1,alcohol dehydrogenase,34,benzyl alcohol,,
40,1.1.1.1,alcohol dehydrogenase,49,benzyl alcohol,,
4,1.1.1.1,alcohol dehydrogenase,0.24,beta-NAD+,nad,it is just another name (formal) from google search
5,1.1.1.1,alcohol dehydrogenase,0.243,beta-NAD+,nad,
6,1.1.1.1,alcohol dehydrogenase,0.35,beta-NAD+,nad,
7,1.1.1.1,alcohol dehydrogenase,0.71,beta-NAD+,nad,
10,1.1.1.1,alcohol dehydrogenase,1.23,beta-NAD+,nad,
11,1.1.1.1,alcohol dehydrogenase,2.29,beta-NAD+,nad,
43,1.1.1.1,alcohol dehydrogenase,71.98,Butanal,,
14,1.1.1.1,alcohol dehydrogenase,5.7,ethanol,etoh,
17,1.1.1.1,alcohol dehydrogenase,7.75,ethanol,etoh,
18,1.1.1.1,alcohol dehydrogenase,8.56,ethanol,etoh,
19,1.1.1.1,alcohol dehydrogenase,9.03,ethanol,etoh,
22,1.1.1.1,alcohol dehydrogenase,12,ethanol,etoh,
23,1.1.1.1,alcohol dehydrogenase,12.1,ethanol,etoh,
24,1.1.1.1,alcohol dehydrogenase,13,ethanol,etoh,
26,1.1.1.1,alcohol dehydrogenase,14,ethanol,etoh,
28,1.1.1.1,alcohol dehydrogenase,16.7,ethanol,etoh,
29,1.1.1.1,alcohol dehydrogenase,17,ethanol,etoh,
36,1.1.1.1,alcohol dehydrogenase,39,ethanol,etoh,
37,1.1.1.1,alcohol dehydrogenase,41,ethanol,etoh,
41,1.1.1.1,alcohol dehydrogenase,50,ethanol,etoh,
42,1.1.1.1,alcohol dehydrogenase,53,ethanol,etoh,
35,1.1.1.1,alcohol dehydrogenase,37.65,formaldehyde,,
2,1.1.1.1,alcohol dehydrogenase,0.13,furfural,,
30,1.1.1.1,alcohol dehydrogenase,18.8,furfural,,
39,1.1.1.1,alcohol dehydrogenase,42.74,furfural,,
45,1.1.1.1,alcohol dehydrogenase,97.37,furfural,,
27,1.1.1.1,alcohol dehydrogenase,16.11,glycolaldehyde,,
44,1.1.1.1,alcohol dehydrogenase,88.32,glycolaldehyde,,
0,1.1.1.1,alcohol dehydrogenase,0.059,NAD+,nad,
1,1.1.1.1,alcohol dehydrogenase,0.122,NADH,nadh,
31,1.1.1.1,alcohol dehydrogenase,24.45,phenylglyoxylic acid,,
34,1.1.1.1,alcohol dehydrogenase,37.55,phenylglyoxylic acid,,
13,1.1.1.1,alcohol dehydrogenase,2.9,p-Methoxybenzaldehyde,,
15,1.1.1.1,alcohol dehydrogenase,5.9,p-Methoxybenzaldehyde,,
16,1.1.1.1,alcohol dehydrogenase,6.9,p-methoxybenzyl alcohol,,
21,1.1.1.1,alcohol dehydrogenase,11,p-methoxybenzyl alcohol,,
38,1.1.1.1,alcohol dehydrogenase,41.4,propanal,,
140,1.1.1.265,3-methylbutanal reductase,1.85,2-methylbutanal,,
148,1.1.1.265,3-methylbutanal reductase,17.7,2-methylbutanal,,
125,1.1.1.265,3-methylbutanal reductase,0.12,3-Methylbutanal,,3 methylbutanal is something else 
126,1.1.1.265,3-methylbutanal reductase,0.14,3-Methylbutanal,,
128,1.1.1.265,3-methylbutanal reductase,0.18,3-Methylbutanal,,
130,1.1.1.265,3-methylbutanal reductase,0.2,3-Methylbutanal,,
131,1.1.1.265,3-methylbutanal reductase,0.21,3-Methylbutanal,,
132,1.1.1.265,3-methylbutanal reductase,0.23,3-Methylbutanal,,
134,1.1.1.265,3-methylbutanal reductase,0.67,3-Methylbutanal,,
141,1.1.1.265,3-methylbutanal reductase,1.89,3-Methylbutanal,,
144,1.1.1.265,3-methylbutanal reductase,4.1,3-Methylbutanal,,
146,1.1.1.265,3-methylbutanal reductase,11.1,3-Methylbutanal,,
135,1.1.1.265,3-methylbutanal reductase,0.74,acetaldehyde,,
153,1.1.1.265,3-methylbutanal reductase,158,acetaldehyde,,
142,1.1.1.265,3-methylbutanal reductase,2.76,Butanal,,
149,1.1.1.265,3-methylbutanal reductase,23.1,Butanal,,
152,1.1.1.265,3-methylbutanal reductase,97.37,furfural,,
147,1.1.1.265,3-methylbutanal reductase,16.11,glycolaldehyde,,
133,1.1.1.265,3-methylbutanal reductase,0.27,Heptanal,,
145,1.1.1.265,3-methylbutanal reductase,4.25,Heptanal,,
129,1.1.1.265,3-methylbutanal reductase,0.18,hexanal,,
136,1.1.1.265,3-methylbutanal reductase,0.83,hexanal,,
137,1.1.1.265,3-methylbutanal reductase,1.22,Hexanol,,
139,1.1.1.265,3-methylbutanal reductase,1.7,NADH,,
124,1.1.1.265,3-methylbutanal reductase,0.02,NADPH,,shouldn't be used.. It is for something else
127,1.1.1.265,3-methylbutanal reductase,0.16,pentanal,,
143,1.1.1.265,3-methylbutanal reductase,3.01,pentanal,,
150,1.1.1.265,3-methylbutanal reductase,27,propanal,,
151,1.1.1.265,3-methylbutanal reductase,38.9,propanal,,
138,1.1.1.265,3-methylbutanal reductase,1.69,trans-2-hexenol,,
165,1.1.1.283,methylglyoxal reductase (NADPH),5.88,methylglyoxal,mthgxl,not sure why phenylglyoxal is here
163,1.1.1.283,methylglyoxal reductase (NADPH),0.0002,NADPH,nadph,
164,1.1.1.283,methylglyoxal reductase (NADPH),1.54,Phenylglyoxal,,
169,1.1.1.284,S-(hydroxymethyl)glutathione dehydrogenase,0.045,NAD+,,
170,1.1.1.284,S-(hydroxymethyl)glutathione dehydrogenase,0.068,NAD+,,
166,1.1.1.284,S-(hydroxymethyl)glutathione dehydrogenase,0.0025,S-hydroxymethyl glutathione,,same EC but for us it is ALCD26xi
168,1.1.1.284,S-(hydroxymethyl)glutathione dehydrogenase,0.04,S-hydroxymethyl glutathione,,
167,1.1.1.284,S-(hydroxymethyl)glutathione dehydrogenase,0.03,S-hydroxymethylglutathione,,
189,1.1.1.37,malate dehydrogenase,0.014,L-malate,mal__L,
191,1.1.1.37,malate dehydrogenase,0.028,L-malate,mal__L,
195,1.1.1.37,malate dehydrogenase,0.14,L-malate,mal__L,
196,1.1.1.37,malate dehydrogenase,0.28,L-malate,mal__L,
194,1.1.1.37,malate dehydrogenase,0.11,NAD+,nad,
197,1.1.1.37,malate dehydrogenase,0.3,NAD+,nad,
188,1.1.1.37,malate dehydrogenase,0.0136,NADH,nadh,
192,1.1.1.37,malate dehydrogenase,0.03,NADH,nadh,
187,1.1.1.37,malate dehydrogenase,0.0094,oxaloacetate,oaa,
190,1.1.1.37,malate dehydrogenase,0.023,oxaloacetate,oaa,
193,1.1.1.37,malate dehydrogenase,0.081,oxaloacetate,oaa,
199,1.1.1.38,malate dehydrogenase (oxaloacetate-decarboxylating),50,L-malate,mal__L,
198,1.1.1.38,malate dehydrogenase (oxaloacetate-decarboxylating),0.5,NAD+,nad,
230,1.1.1.41,isocitrate dehydrogenase (NAD+),0.11,"D,L-isocitrate",icit,
228,1.1.1.41,isocitrate dehydrogenase (NAD+),0.09,D-isocitrate,icit,
229,1.1.1.41,isocitrate dehydrogenase (NAD+),0.1,D-isocitrate,icit,
231,1.1.1.41,isocitrate dehydrogenase (NAD+),0.17,D-isocitrate,icit,
232,1.1.1.41,isocitrate dehydrogenase (NAD+),0.19,D-isocitrate,icit,
233,1.1.1.41,isocitrate dehydrogenase (NAD+),0.2,D-isocitrate,icit,
234,1.1.1.41,isocitrate dehydrogenase (NAD+),0.32,D-isocitrate,icit,
235,1.1.1.41,isocitrate dehydrogenase (NAD+),0.48,D-isocitrate,icit,
236,1.1.1.41,isocitrate dehydrogenase (NAD+),0.5,D-isocitrate,icit,
237,1.1.1.41,isocitrate dehydrogenase (NAD+),0.51,D-isocitrate,icit,
238,1.1.1.41,isocitrate dehydrogenase (NAD+),0.53,D-isocitrate,icit,
239,1.1.1.41,isocitrate dehydrogenase (NAD+),0.54,D-isocitrate,icit,
240,1.1.1.41,isocitrate dehydrogenase (NAD+),0.56,D-isocitrate,icit,
241,1.1.1.41,isocitrate dehydrogenase (NAD+),1.01,D-isocitrate,icit,
242,1.1.1.41,isocitrate dehydrogenase (NAD+),1.03,D-isocitrate,icit,
243,1.1.1.41,isocitrate dehydrogenase (NAD+),1.19,D-isocitrate,icit,
244,1.1.1.41,isocitrate dehydrogenase (NAD+),1.3,D-isocitrate,icit,
245,1.1.1.41,isocitrate dehydrogenase (NAD+),1.6,D-isocitrate,icit,
254,1.1.1.42,isocitrate dehydrogenase (NADP+),0.2,2-oxoglutarate,akg,
256,1.1.1.42,isocitrate dehydrogenase (NADP+),1.92,2-oxoglutarate,akg,
248,1.1.1.42,isocitrate dehydrogenase (NADP+),0.015,isocitrate,icit,
250,1.1.1.42,isocitrate dehydrogenase (NADP+),0.03,isocitrate,icit,
253,1.1.1.42,isocitrate dehydrogenase (NADP+),0.05,isocitrate,icit,
255,1.1.1.42,isocitrate dehydrogenase (NADP+),0.22,isocitrate,icit,
246,1.1.1.42,isocitrate dehydrogenase (NADP+),0.01,NADP+,nadp,
249,1.1.1.42,isocitrate dehydrogenase (NADP+),0.02,NADP+,nadp,
251,1.1.1.42,isocitrate dehydrogenase (NADP+),0.03,NADP+,nadp,
247,1.1.1.42,isocitrate dehydrogenase (NADP+),0.01,NADPH,nadph,
252,1.1.1.42,isocitrate dehydrogenase (NADP+),0.04,NADPH,nadph,
277,1.1.1.44,"phosphogluconate dehydrogenase (NADP+-dependent, decarboxylating)",0.0509,6-phospho-D-gluconate,6pgc,
278,1.1.1.44,"phosphogluconate dehydrogenase (NADP+-dependent, decarboxylating)",0.068,6-phosphogluconate,6pgc,
279,1.1.1.44,"phosphogluconate dehydrogenase (NADP+-dependent, decarboxylating)",0.153,6-phosphogluconate,6pgc,
280,1.1.1.44,"phosphogluconate dehydrogenase (NADP+-dependent, decarboxylating)",3.13,6-phosphogluconate,6pgc,
273,1.1.1.44,"phosphogluconate dehydrogenase (NADP+-dependent, decarboxylating)",0.025,NADP+,nadp,
274,1.1.1.44,"phosphogluconate dehydrogenase (NADP+-dependent, decarboxylating)",0.031,NADP+,nadp,
275,1.1.1.44,"phosphogluconate dehydrogenase (NADP+-dependent, decarboxylating)",0.033,NADP+,nadp,
276,1.1.1.44,"phosphogluconate dehydrogenase (NADP+-dependent, decarboxylating)",0.035,NADP+,nadp,
367,1.1.2.3,L-lactate dehydrogenase (cytochrome),0.16,(S)-lactate,lac__L,
369,1.1.2.3,L-lactate dehydrogenase (cytochrome),0.19,(S)-lactate,lac__L,
374,1.1.2.3,L-lactate dehydrogenase (cytochrome),0.28,(S)-lactate,lac__L,
379,1.1.2.3,L-lactate dehydrogenase (cytochrome),0.4,(S)-lactate,lac__L,
384,1.1.2.3,L-lactate dehydrogenase (cytochrome),0.53,(S)-lactate,lac__L,
386,1.1.2.3,L-lactate dehydrogenase (cytochrome),0.54,(S)-lactate,lac__L,
392,1.1.2.3,L-lactate dehydrogenase (cytochrome),0.84,(S)-lactate,lac__L,
394,1.1.2.3,L-lactate dehydrogenase (cytochrome),0.89,(S)-lactate,lac__L,
405,1.1.2.3,L-lactate dehydrogenase (cytochrome),2.5,(S)-lactate,lac__L,
408,1.1.2.3,L-lactate dehydrogenase (cytochrome),2.81,(S)-lactate,lac__L,
342,1.1.2.3,L-lactate dehydrogenase (cytochrome),0.02,cytochrome c,focytc,
345,1.1.2.3,L-lactate dehydrogenase (cytochrome),0.032,cytochrome c,focytc,
350,1.1.2.3,L-lactate dehydrogenase (cytochrome),0.051,cytochrome c,focytc,
351,1.1.2.3,L-lactate dehydrogenase (cytochrome),0.061,cytochrome c,focytc,
352,1.1.2.3,L-lactate dehydrogenase (cytochrome),0.065,cytochrome c,focytc,
353,1.1.2.3,L-lactate dehydrogenase (cytochrome),0.069,cytochrome c,focytc,
356,1.1.2.3,L-lactate dehydrogenase (cytochrome),0.085,cytochrome c,focytc,
357,1.1.2.3,L-lactate dehydrogenase (cytochrome),0.092,cytochrome c,focytc,
358,1.1.2.3,L-lactate dehydrogenase (cytochrome),0.097,cytochrome c,focytc,
359,1.1.2.3,L-lactate dehydrogenase (cytochrome),0.105,cytochrome c,focytc,
360,1.1.2.3,L-lactate dehydrogenase (cytochrome),0.109,cytochrome c,focytc,
361,1.1.2.3,L-lactate dehydrogenase (cytochrome),0.113,cytochrome c,focytc,
362,1.1.2.3,L-lactate dehydrogenase (cytochrome),0.119,cytochrome c,focytc,
365,1.1.2.3,L-lactate dehydrogenase (cytochrome),0.131,cytochrome c,focytc,
391,1.1.2.3,L-lactate dehydrogenase (cytochrome),0.7,cytochrome c,focytc,
404,1.1.2.3,L-lactate dehydrogenase (cytochrome),2.4,cytochrome c,focytc,
422,1.1.2.3,L-lactate dehydrogenase (cytochrome),131,cytochrome c,focytc,
344,1.1.2.3,L-lactate dehydrogenase (cytochrome),0.03,ferricyanide,,
347,1.1.2.3,L-lactate dehydrogenase (cytochrome),0.04,ferricyanide,ficytc,
354,1.1.2.3,L-lactate dehydrogenase (cytochrome),0.07,ferricyanide,ficytc,
414,1.1.2.3,L-lactate dehydrogenase (cytochrome),6,ferricyanide,ficytc,
340,1.1.2.3,L-lactate dehydrogenase (cytochrome),0.0015,ferricytochrome c,ficytc,
341,1.1.2.3,L-lactate dehydrogenase (cytochrome),0.01,ferricytochrome c,ficytc,
343,1.1.2.3,L-lactate dehydrogenase (cytochrome),0.023,ferricytochrome c,ficytc,
349,1.1.2.3,L-lactate dehydrogenase (cytochrome),0.045,ferricytochrome c,ficytc,
363,1.1.2.3,L-lactate dehydrogenase (cytochrome),0.121,ferricytochrome c,ficytc,
366,1.1.2.3,L-lactate dehydrogenase (cytochrome),0.131,ferricytochrome c,ficytc,
339,1.1.2.3,L-lactate dehydrogenase (cytochrome),0.0001,L-lactate,lac__L,"we have the same but for us it is with ferrocytochrome, and not cytochrome, assume they are the same"
346,1.1.2.3,L-lactate dehydrogenase (cytochrome),0.037,L-lactate,lac__L,
348,1.1.2.3,L-lactate dehydrogenase (cytochrome),0.04,L-lactate,lac__L,
364,1.1.2.3,L-lactate dehydrogenase (cytochrome),0.13,L-lactate,lac__L,
368,1.1.2.3,L-lactate dehydrogenase (cytochrome),0.16,L-lactate,lac__L,
371,1.1.2.3,L-lactate dehydrogenase (cytochrome),0.23,L-lactate,lac__L,
372,1.1.2.3,L-lactate dehydrogenase (cytochrome),0.24,L-lactate,lac__L,
373,1.1.2.3,L-lactate dehydrogenase (cytochrome),0.25,L-lactate,lac__L,
375,1.1.2.3,L-lactate dehydrogenase (cytochrome),0.29,L-lactate,lac__L,
376,1.1.2.3,L-lactate dehydrogenase (cytochrome),0.34,L-lactate,lac__L,
377,1.1.2.3,L-lactate dehydrogenase (cytochrome),0.35,L-lactate,lac__L,
378,1.1.2.3,L-lactate dehydrogenase (cytochrome),0.36,L-lactate,lac__L,
380,1.1.2.3,L-lactate dehydrogenase (cytochrome),0.4,L-lactate,lac__L,
382,1.1.2.3,L-lactate dehydrogenase (cytochrome),0.49,L-lactate,lac__L,
383,1.1.2.3,L-lactate dehydrogenase (cytochrome),0.5,L-lactate,lac__L,
385,1.1.2.3,L-lactate dehydrogenase (cytochrome),0.53,L-lactate,lac__L,
387,1.1.2.3,L-lactate dehydrogenase (cytochrome),0.54,L-lactate,lac__L,
388,1.1.2.3,L-lactate dehydrogenase (cytochrome),0.6,L-lactate,lac__L,
389,1.1.2.3,L-lactate dehydrogenase (cytochrome),0.65,L-lactate,lac__L,
390,1.1.2.3,L-lactate dehydrogenase (cytochrome),0.66,L-lactate,lac__L,
393,1.1.2.3,L-lactate dehydrogenase (cytochrome),0.86,L-lactate,lac__L,
395,1.1.2.3,L-lactate dehydrogenase (cytochrome),0.89,L-lactate,lac__L,
396,1.1.2.3,L-lactate dehydrogenase (cytochrome),0.9,L-lactate,lac__L,
397,1.1.2.3,L-lactate dehydrogenase (cytochrome),0.94,L-lactate,lac__L,
398,1.1.2.3,L-lactate dehydrogenase (cytochrome),1.03,L-lactate,lac__L,
399,1.1.2.3,L-lactate dehydrogenase (cytochrome),1.18,L-lactate,lac__L,
401,1.1.2.3,L-lactate dehydrogenase (cytochrome),1.5,L-lactate,lac__L,
402,1.1.2.3,L-lactate dehydrogenase (cytochrome),1.6,L-lactate,lac__L,
403,1.1.2.3,L-lactate dehydrogenase (cytochrome),2.3,L-lactate,lac__L,
406,1.1.2.3,L-lactate dehydrogenase (cytochrome),2.7,L-lactate,lac__L,
407,1.1.2.3,L-lactate dehydrogenase (cytochrome),2.8,L-lactate,lac__L,
409,1.1.2.3,L-lactate dehydrogenase (cytochrome),2.9,L-lactate,lac__L,
410,1.1.2.3,L-lactate dehydrogenase (cytochrome),3.9,L-lactate,lac__L,
411,1.1.2.3,L-lactate dehydrogenase (cytochrome),4,L-lactate,lac__L,
412,1.1.2.3,L-lactate dehydrogenase (cytochrome),4.6,L-lactate,lac__L,
413,1.1.2.3,L-lactate dehydrogenase (cytochrome),5.8,L-lactate,lac__L,
415,1.1.2.3,L-lactate dehydrogenase (cytochrome),6.5,L-lactate,lac__L,
416,1.1.2.3,L-lactate dehydrogenase (cytochrome),7,L-lactate,lac__L,
418,1.1.2.3,L-lactate dehydrogenase (cytochrome),8.7,L-lactate,lac__L,
419,1.1.2.3,L-lactate dehydrogenase (cytochrome),8.9,L-lactate,lac__L,
420,1.1.2.3,L-lactate dehydrogenase (cytochrome),9.2,L-lactate,lac__L,
421,1.1.2.3,L-lactate dehydrogenase (cytochrome),38,L-lactate,lac__L,
370,1.1.2.3,L-lactate dehydrogenase (cytochrome),0.22,L-Phenyllactate,,
400,1.1.2.3,L-lactate dehydrogenase (cytochrome),1.43,L-Phenyllactate,,
355,1.1.2.3,L-lactate dehydrogenase (cytochrome),0.084,Phenyllactate,,
381,1.1.2.3,L-lactate dehydrogenase (cytochrome),0.4,Phenyllactate,,
417,1.1.2.3,L-lactate dehydrogenase (cytochrome),7.4,pyruvate,pyr,
423,1.1.2.4,D-lactate dehydrogenase (cytochrome),0.0054,cytochrome c,focytc,
426,1.1.2.4,D-lactate dehydrogenase (cytochrome),1.34,D-2-hydroxybutyrate,,
427,1.1.2.4,D-lactate dehydrogenase (cytochrome),1.4,D-2-hydroxybutyrate,,
428,1.1.2.4,D-lactate dehydrogenase (cytochrome),2.5,D-2-hydroxyvalerate,,
424,1.1.2.4,D-lactate dehydrogenase (cytochrome),0.055,D-lactate,lac__D,
425,1.1.2.4,D-lactate dehydrogenase (cytochrome),0.285,D-lactate,lac__D,
429,1.1.2.4,D-lactate dehydrogenase (cytochrome),4.45,oxidized phenazine methosulfate,,
594,1.2.1.12,glyceraldehyde-3-phosphate dehydrogenase (phosphorylating),0.25,D-glyceraldehyde 3-phosphate,g3p,
595,1.2.1.12,glyceraldehyde-3-phosphate dehydrogenase (phosphorylating),0.42,D-glyceraldehyde 3-phosphate,g3p,
596,1.2.1.12,glyceraldehyde-3-phosphate dehydrogenase (phosphorylating),0.6,D-glyceraldehyde 3-phosphate,g3p,
597,1.2.1.12,glyceraldehyde-3-phosphate dehydrogenase (phosphorylating),0.86,D-glyceraldehyde 3-phosphate,g3p,
593,1.2.1.12,glyceraldehyde-3-phosphate dehydrogenase (phosphorylating),0.1,NAD+,nad,
598,1.2.1.12,glyceraldehyde-3-phosphate dehydrogenase (phosphorylating),1.5,phosphate,pi,
600,1.2.1.16,succinate-semialdehyde dehydrogenase [NAD(P)+],0.45,NAD+,nad,
599,1.2.1.16,succinate-semialdehyde dehydrogenase [NAD(P)+],0.017,succinate semialdehyde,sucsal,
605,1.2.1.4,aldehyde dehydrogenase (NADP+),0.035,acetaldehyde,acald,
606,1.2.1.4,aldehyde dehydrogenase (NADP+),2.2,glycolaldehyde,,
604,1.2.1.4,aldehyde dehydrogenase (NADP+),0.014,NADP+,nadp,
610,1.2.1.5,aldehyde dehydrogenase [NAD(P)+],0.016,2-Bromobenzaldehyde,,
612,1.2.1.5,aldehyde dehydrogenase [NAD(P)+],0.017,2-Chlorobenzaldehyde,,
611,1.2.1.5,aldehyde dehydrogenase [NAD(P)+],0.0165,2-Fluorobenzaldehyde,,
607,1.2.1.5,aldehyde dehydrogenase [NAD(P)+],0.01,acetaldehyde,acald,
614,1.2.1.5,aldehyde dehydrogenase [NAD(P)+],0.024,acetaldehyde,acald,
617,1.2.1.5,aldehyde dehydrogenase [NAD(P)+],0.058,acetaldehyde,acald,
608,1.2.1.5,aldehyde dehydrogenase [NAD(P)+],0.013,benzaldehyde,,
624,1.2.1.5,aldehyde dehydrogenase [NAD(P)+],1.1,NAD+,nad,
627,1.2.1.5,aldehyde dehydrogenase [NAD(P)+],6.43,NAD+,nad,
628,1.2.1.5,aldehyde dehydrogenase [NAD(P)+],17.4,NAD+,nad,
616,1.2.1.5,aldehyde dehydrogenase [NAD(P)+],0.04,NADP+,nadp,
618,1.2.1.5,aldehyde dehydrogenase [NAD(P)+],0.099,NADP+,nadp,
620,1.2.1.5,aldehyde dehydrogenase [NAD(P)+],0.447,NADP+,nadp,
621,1.2.1.5,aldehyde dehydrogenase [NAD(P)+],0.64,NADP+,nadp,
625,1.2.1.5,aldehyde dehydrogenase [NAD(P)+],1.4,NADP+,nadp,
626,1.2.1.5,aldehyde dehydrogenase [NAD(P)+],3.47,NADP+,nadp,
609,1.2.1.5,aldehyde dehydrogenase [NAD(P)+],0.013,propanal,,
613,1.2.1.5,aldehyde dehydrogenase [NAD(P)+],0.017,propanal,,
615,1.2.1.5,aldehyde dehydrogenase [NAD(P)+],0.03,propanal,,
619,1.2.1.5,aldehyde dehydrogenase [NAD(P)+],0.39,propanal,,
622,1.2.1.5,aldehyde dehydrogenase [NAD(P)+],0.7,propanal,,
623,1.2.1.5,aldehyde dehydrogenase [NAD(P)+],0.83,propanal,,
661,1.3.5.1,succinate dehydrogenase,0.0034,"2,3-Dimethoxy-5-methyl-6-decyl-1,4-benzoquinone",,s_1535 in out model is ubiquinol 6
662,1.3.5.1,succinate dehydrogenase,0.0037,"2,3-Dimethoxy-5-methyl-6-decyl-1,4-benzoquinone",,"2,3… is a variation. So we cannot use it"
663,1.3.5.1,succinate dehydrogenase,0.0048,"2,3-Dimethoxy-5-methyl-6-decyl-1,4-benzoquinone",,
664,1.3.5.1,succinate dehydrogenase,0.007,"2,3-Dimethoxy-5-methyl-6-decyl-1,4-benzoquinone",,
666,1.3.5.1,succinate dehydrogenase,0.0073,"2,3-Dimethoxy-5-methyl-6-decyl-1,4-benzoquinone",,
667,1.3.5.1,succinate dehydrogenase,0.01,"2,3-Dimethoxy-5-methyl-6-decyl-1,4-benzoquinone",,
668,1.3.5.1,succinate dehydrogenase,0.011,"2,3-Dimethoxy-5-methyl-6-decyl-1,4-benzoquinone",,
669,1.3.5.1,succinate dehydrogenase,0.015,"2,3-Dimethoxy-5-methyl-6-decyl-1,4-benzoquinone",,
670,1.3.5.1,succinate dehydrogenase,0.018,"2,3-Dimethoxy-5-methyl-6-decyl-1,4-benzoquinone",,
660,1.3.5.1,succinate dehydrogenase,0.003,"2,6-dichlorophenol indophenol",,
665,1.3.5.1,succinate dehydrogenase,0.007,"2,6-dichlorophenol indophenol",,
677,1.4.1.14,glutamate synthase (NADH),0.04,2-oxoglutarate,akg,
678,1.4.1.14,glutamate synthase (NADH),0.14,2-oxoglutarate,akg,
679,1.4.1.14,glutamate synthase (NADH),0.28,L-glutamine,glu__L,
680,1.4.1.14,glutamate synthase (NADH),1,L-glutamine,glu__L,
675,1.4.1.14,glutamate synthase (NADH),0.0026,NADH,nadh,
676,1.4.1.14,glutamate synthase (NADH),0.007,NADH,nadh,
689,1.4.1.4,glutamate dehydrogenase (NADP+),0.31,2-oxoglutarate,akg,
690,1.4.1.4,glutamate dehydrogenase (NADP+),0.37,2-oxoglutarate,akg,
691,1.4.1.4,glutamate dehydrogenase (NADP+),0.4,2-oxoglutarate,akg,
692,1.4.1.4,glutamate dehydrogenase (NADP+),1.48,2-oxoglutarate,akg,
695,1.4.1.4,glutamate dehydrogenase (NADP+),6.36,L-glutamate,glu__L,
698,1.4.1.4,glutamate dehydrogenase (NADP+),9.79,L-glutamate,glu__L,
699,1.4.1.4,glutamate dehydrogenase (NADP+),10,L-glutamate,glu__L,
681,1.4.1.4,glutamate dehydrogenase (NADP+),0.0105,NADP+,nadp,
683,1.4.1.4,glutamate dehydrogenase (NADP+),0.0141,NADP+,nadp,
688,1.4.1.4,glutamate dehydrogenase (NADP+),0.12,NADP+,nadp,
682,1.4.1.4,glutamate dehydrogenase (NADP+),0.0113,NADPH,nadph,
684,1.4.1.4,glutamate dehydrogenase (NADP+),0.028,NADPH,nadph,
685,1.4.1.4,glutamate dehydrogenase (NADP+),0.0331,NADPH,nadph,
686,1.4.1.4,glutamate dehydrogenase (NADP+),0.042,NADPH,nadph,
687,1.4.1.4,glutamate dehydrogenase (NADP+),0.045,NADPH,nadph,
693,1.4.1.4,glutamate dehydrogenase (NADP+),5,NH3,,
694,1.4.1.4,glutamate dehydrogenase (NADP+),5.96,NH3,,
696,1.4.1.4,glutamate dehydrogenase (NADP+),6.9,NH3,,
697,1.4.1.4,glutamate dehydrogenase (NADP+),8.6,NH3,,
700,1.4.1.4,glutamate dehydrogenase (NADP+),10,NH4+,nh4,
823,1.6.5.9,NADH:quinone reductase (non-electrogenic),0.0062,"2,6-dichlorophenolindophenol",,
831,1.6.5.9,NADH:quinone reductase (non-electrogenic),0.0181,"N-(6-[[(4E,8E)-10-(4-azido-5-methoxy-2-methyl-3,6-dioxocyclohexa-1,4-dien-1-yl)-4,8-dimethyldeca-4,8-dien-1-yl]amino]-6-oxohexyl)-6-([5-[(3aS,4S,6aR)-2-oxohexahydro-1H-thieno[3,4-d]imidazol-4-yl]pentanoyl]amino)hexanamide",,no clue what this is
833,1.6.5.9,NADH:quinone reductase (non-electrogenic),0.022,"N-[(4E,8E)-10-(4-azido-5-methoxy-2-methyl-3,6-dioxocyclohexa-1,4-dien-1-yl)-4,8-dimethyldeca-4,8-dien-1-yl]-6-([5-[(3aS,6aR)-2-oxohexahydro-1H-thieno[3,4-d]imidazol-4-yl]pentanoyl]amino)hexanamide",,
844,1.6.5.9,NADH:quinone reductase (non-electrogenic),0.033,"N-[2-[2-(2-[[(4E,8E)-10-(4-azido-5-methoxy-2-methyl-3,6-dioxocyclohexa-1,4-dien-1-yl)-4,8-dimethyldeca-4,8-dien-1-yl]oxy]ethoxy)ethoxy]ethyl]-5-[(3aS,4S,6aR)-2-oxohexahydro-1H-thieno[3,4-d]imidazol-4-yl]pentanamide",,
825,1.6.5.9,NADH:quinone reductase (non-electrogenic),0.0094,NADH,nadh,
822,1.6.5.9,NADH:quinone reductase (non-electrogenic),0.0027,ubiquinone-1,q6,we haave ubiquinone 6.. But we will assume it is the same
826,1.6.5.9,NADH:quinone reductase (non-electrogenic),0.0094,ubiquinone-1,q6,
827,1.6.5.9,NADH:quinone reductase (non-electrogenic),0.0115,ubiquinone-1,q6,
828,1.6.5.9,NADH:quinone reductase (non-electrogenic),0.0152,ubiquinone-1,q6,
829,1.6.5.9,NADH:quinone reductase (non-electrogenic),0.0164,ubiquinone-1,q6,
830,1.6.5.9,NADH:quinone reductase (non-electrogenic),0.0179,ubiquinone-1,q6,
832,1.6.5.9,NADH:quinone reductase (non-electrogenic),0.0186,ubiquinone-1,q6,
834,1.6.5.9,NADH:quinone reductase (non-electrogenic),0.0233,ubiquinone-1,q6,
835,1.6.5.9,NADH:quinone reductase (non-electrogenic),0.0235,ubiquinone-1,q6,
836,1.6.5.9,NADH:quinone reductase (non-electrogenic),0.0239,ubiquinone-1,q6,
837,1.6.5.9,NADH:quinone reductase (non-electrogenic),0.0245,ubiquinone-1,q6,
838,1.6.5.9,NADH:quinone reductase (non-electrogenic),0.025,ubiquinone-1,q6,
839,1.6.5.9,NADH:quinone reductase (non-electrogenic),0.0256,ubiquinone-1,q6,
840,1.6.5.9,NADH:quinone reductase (non-electrogenic),0.0277,ubiquinone-1,q6,
841,1.6.5.9,NADH:quinone reductase (non-electrogenic),0.0303,ubiquinone-1,q6,
842,1.6.5.9,NADH:quinone reductase (non-electrogenic),0.0308,ubiquinone-1,q6,
843,1.6.5.9,NADH:quinone reductase (non-electrogenic),0.0325,ubiquinone-1,q6,
845,1.6.5.9,NADH:quinone reductase (non-electrogenic),0.035,ubiquinone-1,q6,
846,1.6.5.9,NADH:quinone reductase (non-electrogenic),0.0376,ubiquinone-1,q6,
847,1.6.5.9,NADH:quinone reductase (non-electrogenic),0.0402,ubiquinone-1,q6,
848,1.6.5.9,NADH:quinone reductase (non-electrogenic),0.0531,ubiquinone-1,q6,
849,1.6.5.9,NADH:quinone reductase (non-electrogenic),0.0635,ubiquinone-1,q6,
850,1.6.5.9,NADH:quinone reductase (non-electrogenic),0.0756,ubiquinone-1,q6,
824,1.6.5.9,NADH:quinone reductase (non-electrogenic),0.0079,ubiquinone-2,q6,
865,1.8.1.4,dihydrolipoyl dehydrogenase,0.48,dihydrolipoamide,dhlam,
864,1.8.1.4,dihydrolipoyl dehydrogenase,0.15,NAD+,nad,
1015,2.2.1.1,transketolase,0.007,D-ribose 5-phosphate,r5p,
1016,2.2.1.1,transketolase,0.014,D-ribose 5-phosphate,r5p,
1021,2.2.1.1,transketolase,0.06,D-ribose 5-phosphate,r5p,
1025,2.2.1.1,transketolase,0.08,D-ribose 5-phosphate,r5p,
1026,2.2.1.1,transketolase,0.09,D-ribose 5-phosphate,r5p,
1027,2.2.1.1,transketolase,0.093,D-ribose 5-phosphate,r5p,
1029,2.2.1.1,transketolase,0.146,D-ribose 5-phosphate,r5p,
1030,2.2.1.1,transketolase,0.15,D-ribose 5-phosphate,r5p,
1031,2.2.1.1,transketolase,0.159,D-ribose 5-phosphate,r5p,
1034,2.2.1.1,transketolase,0.193,D-ribose 5-phosphate,r5p,
1036,2.2.1.1,transketolase,0.25,D-ribose 5-phosphate,r5p,
1037,2.2.1.1,transketolase,0.29,D-ribose 5-phosphate,r5p,
1039,2.2.1.1,transketolase,0.4,D-ribose 5-phosphate,r5p,
1043,2.2.1.1,transketolase,0.6,D-ribose 5-phosphate,r5p,
1044,2.2.1.1,transketolase,0.698,D-ribose 5-phosphate,r5p,
1049,2.2.1.1,transketolase,1.75,D-ribose 5-phosphate,r5p,
1055,2.2.1.1,transketolase,5.65,D-ribose 5-phosphate,r5p,
1056,2.2.1.1,transketolase,5.97,D-ribose 5-phosphate,r5p,
1057,2.2.1.1,transketolase,7,D-ribose 5-phosphate,r5p,
1017,2.2.1.1,transketolase,0.021,D-xylulose 5-phosphate,xu5p,
1018,2.2.1.1,transketolase,0.023,D-xylulose 5-phosphate,xu5p,
1019,2.2.1.1,transketolase,0.025,D-xylulose 5-phosphate,xu5p,
1022,2.2.1.1,transketolase,0.07,D-xylulose 5-phosphate,xu5p,
1023,2.2.1.1,transketolase,0.073,D-xylulose 5-phosphate,xu5p,
1024,2.2.1.1,transketolase,0.075,D-xylulose 5-phosphate,xu5p,
1028,2.2.1.1,transketolase,0.115,D-xylulose 5-phosphate,xu5p,
1033,2.2.1.1,transketolase,0.163,D-xylulose 5-phosphate,xu5p,
1035,2.2.1.1,transketolase,0.21,D-xylulose 5-phosphate,xu5p,
1038,2.2.1.1,transketolase,0.318,D-xylulose 5-phosphate,xu5p,
1040,2.2.1.1,transketolase,0.4,D-xylulose 5-phosphate,xu5p,
1041,2.2.1.1,transketolase,0.5,D-xylulose 5-phosphate,xu5p,
1042,2.2.1.1,transketolase,0.595,D-xylulose 5-phosphate,xu5p,
1045,2.2.1.1,transketolase,0.773,D-xylulose 5-phosphate,xu5p,
1046,2.2.1.1,transketolase,0.829,D-xylulose 5-phosphate,xu5p,
1047,2.2.1.1,transketolase,1.01,D-xylulose 5-phosphate,xu5p,
1048,2.2.1.1,transketolase,1.24,D-xylulose 5-phosphate,xu5p,
1051,2.2.1.1,transketolase,3.35,D-xylulose 5-phosphate,xu5p,
1052,2.2.1.1,transketolase,4.08,D-xylulose 5-phosphate,xu5p,
1050,2.2.1.1,transketolase,1.8,fructose 6-phosphate,f6p,
1053,2.2.1.1,transketolase,4.9,glyceraldehyde 3-phosphate,g3p,
1058,2.2.1.1,transketolase,33,Hydroxypyruvate,,
1054,2.2.1.1,transketolase,4.9,L-erythrulose,,we have e4p which is different
1006,2.2.1.1,transketolase,0.0003,thiamine diphosphate,,some cofactor we don't have in our model
1007,2.2.1.1,transketolase,0.0005,thiamine diphosphate,,
1008,2.2.1.1,transketolase,0.0006,thiamine diphosphate,,
1009,2.2.1.1,transketolase,0.0007,thiamine diphosphate,,
1010,2.2.1.1,transketolase,0.0008,thiamine diphosphate,,
1011,2.2.1.1,transketolase,0.0012,thiamine diphosphate,,
1012,2.2.1.1,transketolase,0.0018,thiamine diphosphate,,
1013,2.2.1.1,transketolase,0.0019,thiamine diphosphate,,
1014,2.2.1.1,transketolase,0.0024,thiamine diphosphate,,
1020,2.2.1.1,transketolase,0.0365,Xylulose 5-phosphate,,
1032,2.2.1.1,transketolase,0.16,Xylulose 5-phosphate,xu5p,
1059,2.2.1.2,transaldolase,0.018,D-erythrose 4-phosphate,e4p,
1062,2.2.1.2,transaldolase,0.32,D-fructose 6-phosphate,f6p,
1061,2.2.1.2,transaldolase,0.22,glyceraldehyde 3-phosphate,g3p,
1060,2.2.1.2,transaldolase,0.18,sedoheptulose 7-phosphate,s7p,
1234,2.3.3.13,2-isopropylmalate synthase,0.016,2-oxo-3-methylbutanoate,3mob,
1236,2.3.3.13,2-isopropylmalate synthase,0.57,2-oxobutanoate,,"maybe a mistake? No, there is obut as well"
1233,2.3.3.13,2-isopropylmalate synthase,0.009,acetyl-CoA,accoa,
1235,2.3.3.13,2-isopropylmalate synthase,0.2,pyruvate,pyr,
1250,2.3.3.9,malate synthase,0.083,acetyl-CoA,accoa,
1251,2.3.3.9,malate synthase,0.093,glyoxylate,glx,
1252,2.3.3.9,malate synthase,0.1,glyoxylate,glx,
1327,2.4.2.18,anthranilate phosphoribosyltransferase,0.0224,5-phospho-alpha-D-ribose 1-diphosphate,prpp,
1326,2.4.2.18,anthranilate phosphoribosyltransferase,0.0016,anthranilate,anth,
1334,2.4.2.8,hypoxanthine phosphoribosyltransferase,0.05,5-phospho-alpha-D-ribose 1-diphosphate,prpp,
1332,2.4.2.8,hypoxanthine phosphoribosyltransferase,0.018,guanine,gua,
1331,2.4.2.8,hypoxanthine phosphoribosyltransferase,0.011,hypoxanthine,,might not be the same as us
1333,2.4.2.8,hypoxanthine phosphoribosyltransferase,0.023,hypoxanthine,,might not be the same as us
1446,2.5.1.54,3-deoxy-7-phosphoheptulonate synthase,0.13,D-erythrose 4-phosphate,e4p,
1447,2.5.1.54,3-deoxy-7-phosphoheptulonate synthase,0.5,D-erythrose 4-phosphate,e4p,
1444,2.5.1.54,3-deoxy-7-phosphoheptulonate synthase,0.018,phosphoenolpyruvate,pep,
1445,2.5.1.54,3-deoxy-7-phosphoheptulonate synthase,0.125,phosphoenolpyruvate,pep,
1470,2.6.1.16,glutamine-fructose-6-phosphate transaminase (isomerizing),0.39,D-fructose 6-phosphate,f6p,
1472,2.6.1.16,glutamine-fructose-6-phosphate transaminase (isomerizing),2.8,D-fructose 6-phosphate,f6p,
1471,2.6.1.16,glutamine-fructose-6-phosphate transaminase (isomerizing),0.74,L-glutamine,gln__L,
1473,2.6.1.2,alanine transaminase,0.02,2-oxoglutarate,akg,
1474,2.6.1.2,alanine transaminase,0.2,2-oxoglutarate,akg,
1477,2.6.1.2,alanine transaminase,0.67,2-oxoglutarate,akg,
1479,2.6.1.2,alanine transaminase,3.6,L-alanine,ala__L,
1480,2.6.1.2,alanine transaminase,4,L-alanine,ala__L,
1481,2.6.1.2,alanine transaminase,10.39,L-alanine,ala__L,
1475,2.6.1.2,alanine transaminase,0.24,L-glutamate,glu__L,
1478,2.6.1.2,alanine transaminase,0.9,L-glutamate,glu__L,
1476,2.6.1.2,alanine transaminase,0.4,pyruvate,pyr,
1482,2.6.1.2,alanine transaminase,16.5,pyruvate,pyr,
1483,2.6.1.39,2-aminoadipate transaminase,0.12,2-oxoadipate,2oxoadp,
1486,2.6.1.39,2-aminoadipate transaminase,3.6,2-oxoglutarate,akg,
1487,2.6.1.39,2-aminoadipate transaminase,8.8,L-2-aminoadipate,L2aadp,
1488,2.6.1.39,2-aminoadipate transaminase,26,L-glutamate,glu__L,
1485,2.6.1.39,2-aminoadipate transaminase,1,L-phenylalanine,,no phe or tyr in our reactions
1484,2.6.1.39,2-aminoadipate transaminase,0.5,L-tyrosine,,
1489,2.6.1.44,alanine-glyoxylate transaminase,0.18,glyoxylate,glx,
1490,2.6.1.44,alanine-glyoxylate transaminase,0.7,glyoxylate,glx,
1491,2.6.1.44,alanine-glyoxylate transaminase,2.1,L-alanine,ala__L,
1492,2.6.1.44,alanine-glyoxylate transaminase,2.26,L-alanine,ala__L,
1506,2.7.1.1,hexokinase,20,"1,5-anhydro-D-glucitol",,
1504,2.7.1.1,hexokinase,5,1-thio-D-glucose,glc__D,Putting all variations for now
1498,2.7.1.1,hexokinase,0.2,2-deoxy-2-fluoro-D-glucose,glc__D,
1507,2.7.1.1,hexokinase,30,3-deoxy-3-amino-D-glucose,glc__D,
1503,2.7.1.1,hexokinase,4,5-thio-D-glucose,glc__D,
1495,2.7.1.1,hexokinase,0.1,ATP,atp,
1500,2.7.1.1,hexokinase,0.33,D-fructose,,
1502,2.7.1.1,hexokinase,2.9,D-fructose,,
1493,2.7.1.1,hexokinase,0.04,D-glucose,glc__D,
1496,2.7.1.1,hexokinase,0.12,D-glucose,glc__D,
1497,2.7.1.1,hexokinase,0.13,D-glucose,glc__D,
1499,2.7.1.1,hexokinase,0.3,D-glucose,glc__D,
1501,2.7.1.1,hexokinase,0.47,D-glucose,glc__D,
1505,2.7.1.1,hexokinase,5,D-mannosamine,,
1494,2.7.1.1,hexokinase,0.04,D-mannose,,
1512,2.7.1.12,gluconokinase,0.2,ATP,atp,
1513,2.7.1.12,gluconokinase,1.74,D-gluconate,glcn,
1531,2.7.1.2,glucokinase,0.05,ATP,atp,
1530,2.7.1.2,glucokinase,0.028,D-glucose,glc__D,
1544,2.7.1.23,NAD+ kinase,0.17,ATP,atp,
1547,2.7.1.23,NAD+ kinase,2.3,ATP,atp,
1545,2.7.1.23,NAD+ kinase,0.68,NAD+,nad,
1546,2.7.1.23,NAD+ kinase,2,NADH,nadh,
1569,2.7.1.40,pyruvate kinase,0.16,ADP,adp,
1566,2.7.1.40,pyruvate kinase,0.049,IDP,,
1564,2.7.1.40,pyruvate kinase,0.021,phosphoenolpyruvate,pep,
1565,2.7.1.40,pyruvate kinase,0.045,phosphoenolpyruvate,pep,
1567,2.7.1.40,pyruvate kinase,0.066,phosphoenolpyruvate,pep,
1568,2.7.1.40,pyruvate kinase,0.099,phosphoenolpyruvate,pep,
1570,2.7.1.40,pyruvate kinase,0.242,phosphoenolpyruvate,pep,
1571,2.7.1.40,pyruvate kinase,0.31,phosphoenolpyruvate,pep,
1572,2.7.1.40,pyruvate kinase,1.18,phosphoenolpyruvate,pep,
1573,2.7.1.40,pyruvate kinase,4.43,phosphoenolpyruvate,pep,
1614,2.7.1.86,NADH kinase,0.133,ATP,atp,
1615,2.7.1.86,NADH kinase,0.17,ATP,atp,
1617,2.7.1.86,NADH kinase,1,ATP,atp,
1620,2.7.1.86,NADH kinase,2.1,ATP,atp,
1618,2.7.1.86,NADH kinase,1.3,NAD+,nad,
1622,2.7.1.86,NADH kinase,4.5,NAD+,nad,
1610,2.7.1.86,NADH kinase,0.027,NADH,nadh,
1611,2.7.1.86,NADH kinase,0.032,NADH,nadh,
1612,2.7.1.86,NADH kinase,0.042,NADH,nadh,
1613,2.7.1.86,NADH kinase,0.105,NADH,nadh,
1616,2.7.1.86,NADH kinase,0.19,NADH,nadh,
1619,2.7.1.86,NADH kinase,2,NADH,nadh,
1621,2.7.1.86,NADH kinase,3.9,NADH,nadh,
1646,2.7.2.3,phosphoglycerate kinase,0.146,3-phospho-D-glycerate,3pg,
1654,2.7.2.3,phosphoglycerate kinase,0.77,3-phospho-D-glycerate,3pg,
1656,2.7.2.3,phosphoglycerate kinase,1.28,3-phospho-D-glycerate,3pg,
1657,2.7.2.3,phosphoglycerate kinase,2.5,3-phospho-D-glycerate,3pg,
1643,2.7.2.3,phosphoglycerate kinase,0.00438,3-phospho-D-glyceroyl phosphate,,
1645,2.7.2.3,phosphoglycerate kinase,0.1,ADP,adp,
1647,2.7.2.3,phosphoglycerate kinase,0.18,ADP,adp,
1648,2.7.2.3,phosphoglycerate kinase,0.2,ADP,adp,
1649,2.7.2.3,phosphoglycerate kinase,0.27,ADP,adp,
1653,2.7.2.3,phosphoglycerate kinase,0.5,ADP,adp,
1644,2.7.2.3,phosphoglycerate kinase,0.04,ATP,atp,
1650,2.7.2.3,phosphoglycerate kinase,0.33,ATP,atp,
1651,2.7.2.3,phosphoglycerate kinase,0.42,ATP,atp,
1652,2.7.2.3,phosphoglycerate kinase,0.48,ATP,atp,
1655,2.7.2.3,phosphoglycerate kinase,1.25,ATP,atp,
1658,2.7.2.3,phosphoglycerate kinase,3.45,dATP,atp,
1717,2.7.4.6,nucleoside-diphosphate kinase,0.26,CDP,,none of these are in our model
1719,2.7.4.6,nucleoside-diphosphate kinase,0.5,dCDP,,
1716,2.7.4.6,nucleoside-diphosphate kinase,0.25,dGDP,,
1715,2.7.4.6,nucleoside-diphosphate kinase,0.17,dTDP,,
1720,2.7.4.6,nucleoside-diphosphate kinase,0.5,dUDP,,
1718,2.7.4.6,nucleoside-diphosphate kinase,0.28,UDP,,
1732,2.7.4.8,guanylate kinase,0.5,ATP,atp,
1730,2.7.4.8,guanylate kinase,0.38,dGMP,gmp,
1727,2.7.4.8,guanylate kinase,0.097,GDP,gdp,
1721,2.7.4.8,guanylate kinase,0.002,GMP,gmp,
1722,2.7.4.8,guanylate kinase,0.0025,GMP,gmp,
1724,2.7.4.8,guanylate kinase,0.041,GMP,gmp,
1725,2.7.4.8,guanylate kinase,0.048,GMP,gmp,
1726,2.7.4.8,guanylate kinase,0.091,GMP,gmp,
1733,2.7.4.8,guanylate kinase,0.5,GMP,gmp,
1734,2.7.4.8,guanylate kinase,1.8,GMP,gmp,
1723,2.7.4.8,guanylate kinase,0.017,MgADP-,adp,
1728,2.7.4.8,guanylate kinase,0.2,MgATP2-,atp,
1729,2.7.4.8,guanylate kinase,0.23,MgATP2-,atp,
1731,2.7.4.8,guanylate kinase,0.45,MgATP2-,atp,
1975,3.1.2.6,hydroxyacylglutathione hydrolase,0.0722,S-D-lactoylglutathione,lgt__S,
1976,3.1.2.6,hydroxyacylglutathione hydrolase,0.112,S-D-lactoylglutathione,lgt__S,
1977,3.1.2.6,hydroxyacylglutathione hydrolase,0.32,S-D-lactoylgutathione,lgt__S,
1973,3.1.2.6,hydroxyacylglutathione hydrolase,0.0166,S-D-mandeloylglutathione,,
1974,3.1.2.6,hydroxyacylglutathione hydrolase,0.0365,S-D-mandeloylglutathione,,
1972,3.1.2.6,hydroxyacylglutathione hydrolase,0.0007,S-Lactoylglutathione,lgt__S,
1993,3.1.3.11,fructose-bisphosphatase,0.2,"D-fructose 1,6-bisphosphate",fdp,
1994,3.1.3.11,fructose-bisphosphatase,0.3,"D-fructose 1,6-bisphosphate",fdp,
1995,3.1.3.11,fructose-bisphosphatase,0.5,"D-fructose 1,6-bisphosphate",fdp,
1996,3.1.3.11,fructose-bisphosphatase,0.6,"D-fructose 1,6-bisphosphate",fdp,
1997,3.1.3.11,fructose-bisphosphatase,0.7,"D-fructose 1,6-bisphosphate",fdp,
1998,3.1.3.11,fructose-bisphosphatase,0.9,"D-fructose 1,6-bisphosphate",fdp,
1999,3.1.3.11,fructose-bisphosphatase,1.4,"D-fructose 1,6-bisphosphate",fdp,
2000,3.1.3.11,fructose-bisphosphatase,1.5,"D-fructose 1,6-bisphosphate",fdp,
2001,3.1.3.11,fructose-bisphosphatase,2.3,"D-fructose 1,6-bisphosphate",fdp,
1991,3.1.3.11,fructose-bisphosphatase,0.001,"fructose 1,6-diphosphate",fdp,
1992,3.1.3.11,fructose-bisphosphatase,0.01,"fructose 1,6-diphosphate",fdp,
2002,3.1.3.15,histidinol-phosphatase,0.11,L-histidinol phosphate,hisp,
2003,3.1.3.15,histidinol-phosphatase,0.25,L-histidinol phosphate,hisp,
2197,3.2.2.3,uridine nucleosidase,1.66,5-methyluridine,,we have URIH in our model which is uridine hydrolase.. Wiki tells me that uridine nuclesidase is doing the same
2192,3.2.2.3,uridine nucleosidase,0.016,nicotinamide riboside,,
2194,3.2.2.3,uridine nucleosidase,0.15,nicotinic acid riboside,,
2193,3.2.2.3,uridine nucleosidase,0.045,nicotinic acid riboside methyl ester,,
2195,3.2.2.3,uridine nucleosidase,0.86,uridine,uri,
2196,3.2.2.3,uridine nucleosidase,1.6,uridine,uri,
2452,3.5.1.1,asparaginase,0.075,L-asparagine,asn__L,
2453,3.5.1.1,asparaginase,0.122,L-asparagine,asn__L,
2454,3.5.1.1,asparaginase,0.35,L-asparagine,asn__L,
2455,3.5.1.1,asparaginase,0.74,L-asparagine,asn__L,
2599,4.1.1.1,pyruvate decarboxylase,0.02,pyruvate,pyr,
2600,4.1.1.1,pyruvate decarboxylase,0.1,pyruvate,pyr,
2601,4.1.1.1,pyruvate decarboxylase,0.3,pyruvate,pyr,
2602,4.1.1.1,pyruvate decarboxylase,0.4,pyruvate,pyr,
2603,4.1.1.1,pyruvate decarboxylase,0.5,pyruvate,pyr,
2604,4.1.1.1,pyruvate decarboxylase,0.72,pyruvate,pyr,
2605,4.1.1.1,pyruvate decarboxylase,1.1,pyruvate,pyr,
2606,4.1.1.1,pyruvate decarboxylase,1.47,pyruvate,pyr,
2607,4.1.1.1,pyruvate decarboxylase,1.66,pyruvate,pyr,
2608,4.1.1.1,pyruvate decarboxylase,1.79,pyruvate,pyr,
2609,4.1.1.1,pyruvate decarboxylase,2.29,pyruvate,pyr,
2610,4.1.1.1,pyruvate decarboxylase,2.3,pyruvate,pyr,
2611,4.1.1.1,pyruvate decarboxylase,3.02,pyruvate,pyr,
2612,4.1.1.1,pyruvate decarboxylase,14.9,pyruvate,pyr,
2613,4.1.1.1,pyruvate decarboxylase,16,pyruvate,pyr,
2614,4.1.1.1,pyruvate decarboxylase,23.1,pyruvate,pyr,
2615,4.1.1.1,pyruvate decarboxylase,31.5,pyruvate,pyr,
2621,4.1.1.15,glutamate decarboxylase,11.4,L-glutamate,glu__L,
2689,4.1.1.43,phenylpyruvate decarboxylase,0.09,2-oxo-4-phenylbutanoic acid,,In our model 4.1.1.43 is pyruvate/indole-3-pyr decarboxylase
2708,4.1.1.43,phenylpyruvate decarboxylase,5.5,2-oxobutanoic acid,,
2710,4.1.1.43,phenylpyruvate decarboxylase,6.4,2-oxobutanoic acid,,
2712,4.1.1.43,phenylpyruvate decarboxylase,7,2-oxobutanoic acid,,
2713,4.1.1.43,phenylpyruvate decarboxylase,7.6,2-oxobutanoic acid,,
2692,4.1.1.43,phenylpyruvate decarboxylase,0.17,2-oxohexanoic acid,,
2695,4.1.1.43,phenylpyruvate decarboxylase,0.46,2-oxohexanoic acid,,
2698,4.1.1.43,phenylpyruvate decarboxylase,0.55,2-oxohexanoic acid,,
2701,4.1.1.43,phenylpyruvate decarboxylase,0.69,2-oxohexanoic acid,,
2705,4.1.1.43,phenylpyruvate decarboxylase,1,2-oxohexanoic acid,,
2694,4.1.1.43,phenylpyruvate decarboxylase,0.37,2-oxopentanoic acid,,
2697,4.1.1.43,phenylpyruvate decarboxylase,0.54,2-oxopentanoic acid,,
2699,4.1.1.43,phenylpyruvate decarboxylase,0.63,2-oxopentanoic acid,,
2704,4.1.1.43,phenylpyruvate decarboxylase,0.96,2-oxopentanoic acid,,
2706,4.1.1.43,phenylpyruvate decarboxylase,2.1,2-oxopentanoic acid,,
2714,4.1.1.43,phenylpyruvate decarboxylase,8.5,3-methyl-2-oxobutanoic acid,,
2707,4.1.1.43,phenylpyruvate decarboxylase,3.1,3-methyl-2-oxopentanoic acid,,
2690,4.1.1.43,phenylpyruvate decarboxylase,0.09,4-hydroxyphenylpyruvate,,
2703,4.1.1.43,phenylpyruvate decarboxylase,0.9,4-methyl-2-oxopentanoic acid,,
2700,4.1.1.43,phenylpyruvate decarboxylase,0.64,4-methylthio-2-oxobutanoic acid,,
2686,4.1.1.43,phenylpyruvate decarboxylase,0.03,Indole-3-pyruvate,,
2687,4.1.1.43,phenylpyruvate decarboxylase,0.054,phenylpyruvate,,
2688,4.1.1.43,phenylpyruvate decarboxylase,0.062,phenylpyruvate,,
2691,4.1.1.43,phenylpyruvate decarboxylase,0.1,phenylpyruvate,,
2693,4.1.1.43,phenylpyruvate decarboxylase,0.18,phenylpyruvate,,
2696,4.1.1.43,phenylpyruvate decarboxylase,0.48,phenylpyruvate,,
2702,4.1.1.43,phenylpyruvate decarboxylase,0.8,phenylpyruvate,,
2709,4.1.1.43,phenylpyruvate decarboxylase,5.5,Pyruvic acid,,
2711,4.1.1.43,phenylpyruvate decarboxylase,6.4,Pyruvic acid,,
2715,4.1.1.43,phenylpyruvate decarboxylase,9.7,Pyruvic acid,,
2716,4.1.1.43,phenylpyruvate decarboxylase,25,Pyruvic acid,,
2717,4.1.1.49,phosphoenolpyruvate carboxykinase (ATP),0.0085,(Z)-3-fluorophosphoenolpyruvate,,
2720,4.1.1.49,phosphoenolpyruvate carboxykinase (ATP),0.01,ADP,adp,
2724,4.1.1.49,phosphoenolpyruvate carboxykinase (ATP),0.013,ADP,adp,
2726,4.1.1.49,phosphoenolpyruvate carboxykinase (ATP),0.016,ADP,adp,
2738,4.1.1.49,phosphoenolpyruvate carboxykinase (ATP),0.034,ADP,adp,
2741,4.1.1.49,phosphoenolpyruvate carboxykinase (ATP),0.04,ADP,adp,
2744,4.1.1.49,phosphoenolpyruvate carboxykinase (ATP),0.058,ADP,adp,
2745,4.1.1.49,phosphoenolpyruvate carboxykinase (ATP),0.063,ADP,adp,
2751,4.1.1.49,phosphoenolpyruvate carboxykinase (ATP),0.075,ADP,adp,
2752,4.1.1.49,phosphoenolpyruvate carboxykinase (ATP),0.077,ADP,adp,
2754,4.1.1.49,phosphoenolpyruvate carboxykinase (ATP),0.086,ADP,adp,
2755,4.1.1.49,phosphoenolpyruvate carboxykinase (ATP),0.099,ADP,adp,
2761,4.1.1.49,phosphoenolpyruvate carboxykinase (ATP),0.132,ADP,adp,
2763,4.1.1.49,phosphoenolpyruvate carboxykinase (ATP),0.151,ADP,adp,
2764,4.1.1.49,phosphoenolpyruvate carboxykinase (ATP),0.17,ADP,adp,
2789,4.1.1.49,phosphoenolpyruvate carboxykinase (ATP),2.03,ADP,adp,
2727,4.1.1.49,phosphoenolpyruvate carboxykinase (ATP),0.016,ATP,atp,
2734,4.1.1.49,phosphoenolpyruvate carboxykinase (ATP),0.026,ATP,atp,
2736,4.1.1.49,phosphoenolpyruvate carboxykinase (ATP),0.03,ATP,atp,
2739,4.1.1.49,phosphoenolpyruvate carboxykinase (ATP),0.034,ATP,atp,
2749,4.1.1.49,phosphoenolpyruvate carboxykinase (ATP),0.067,ATP,atp,
2768,4.1.1.49,phosphoenolpyruvate carboxykinase (ATP),0.204,ATP,atp,
2718,4.1.1.49,phosphoenolpyruvate carboxykinase (ATP),0.009,CO2,,
2719,4.1.1.49,phosphoenolpyruvate carboxykinase (ATP),0.0098,CO2,,
2721,4.1.1.49,phosphoenolpyruvate carboxykinase (ATP),0.01,CO2,,
2728,4.1.1.49,phosphoenolpyruvate carboxykinase (ATP),0.018,CO2,,
2729,4.1.1.49,phosphoenolpyruvate carboxykinase (ATP),0.019,CO2,,
2731,4.1.1.49,phosphoenolpyruvate carboxykinase (ATP),0.024,CO2,,
2733,4.1.1.49,phosphoenolpyruvate carboxykinase (ATP),0.025,CO2,,
2777,4.1.1.49,phosphoenolpyruvate carboxykinase (ATP),0.36,CO2,,
2787,4.1.1.49,phosphoenolpyruvate carboxykinase (ATP),2,CO2,,
2791,4.1.1.49,phosphoenolpyruvate carboxykinase (ATP),3.1,CO2,,
2792,4.1.1.49,phosphoenolpyruvate carboxykinase (ATP),5,CO2,,
2794,4.1.1.49,phosphoenolpyruvate carboxykinase (ATP),9,CO2,,
2795,4.1.1.49,phosphoenolpyruvate carboxykinase (ATP),9.9,CO2,,
2796,4.1.1.49,phosphoenolpyruvate carboxykinase (ATP),11,CO2,,
2797,4.1.1.49,phosphoenolpyruvate carboxykinase (ATP),14,CO2,,
2798,4.1.1.49,phosphoenolpyruvate carboxykinase (ATP),17,CO2,,
2799,4.1.1.49,phosphoenolpyruvate carboxykinase (ATP),18,CO2,,
2800,4.1.1.49,phosphoenolpyruvate carboxykinase (ATP),29,CO2,,
2801,4.1.1.49,phosphoenolpyruvate carboxykinase (ATP),47,CO2,,
2722,4.1.1.49,phosphoenolpyruvate carboxykinase (ATP),0.01,Mn2+,,
2723,4.1.1.49,phosphoenolpyruvate carboxykinase (ATP),0.012,Mn2+,,
2730,4.1.1.49,phosphoenolpyruvate carboxykinase (ATP),0.023,Mn2+,,
2743,4.1.1.49,phosphoenolpyruvate carboxykinase (ATP),0.056,Mn2+,,
2746,4.1.1.49,phosphoenolpyruvate carboxykinase (ATP),0.063,Mn2+,,
2759,4.1.1.49,phosphoenolpyruvate carboxykinase (ATP),0.123,Mn2+,,
2776,4.1.1.49,phosphoenolpyruvate carboxykinase (ATP),0.345,Mn2+,,
2747,4.1.1.49,phosphoenolpyruvate carboxykinase (ATP),0.066,oxalacetate,oaa,
2758,4.1.1.49,phosphoenolpyruvate carboxykinase (ATP),0.122,oxalacetate,oaa,
2786,4.1.1.49,phosphoenolpyruvate carboxykinase (ATP),1.079,oxalacetate,oaa,
2793,4.1.1.49,phosphoenolpyruvate carboxykinase (ATP),5.2,oxalacetate,oaa,
2725,4.1.1.49,phosphoenolpyruvate carboxykinase (ATP),0.014,oxaloacetate,oaa,
2732,4.1.1.49,phosphoenolpyruvate carboxykinase (ATP),0.024,oxaloacetate,oaa,
2735,4.1.1.49,phosphoenolpyruvate carboxykinase (ATP),0.026,oxaloacetate,oaa,
2737,4.1.1.49,phosphoenolpyruvate carboxykinase (ATP),0.03,oxaloacetate,oaa,
2742,4.1.1.49,phosphoenolpyruvate carboxykinase (ATP),0.051,oxaloacetate,oaa,
2748,4.1.1.49,phosphoenolpyruvate carboxykinase (ATP),0.066,oxaloacetate,oaa,
2750,4.1.1.49,phosphoenolpyruvate carboxykinase (ATP),0.068,oxaloacetate,oaa,
2760,4.1.1.49,phosphoenolpyruvate carboxykinase (ATP),0.13,oxaloacetate,oaa,
2767,4.1.1.49,phosphoenolpyruvate carboxykinase (ATP),0.2,oxaloacetate,oaa,
2770,4.1.1.49,phosphoenolpyruvate carboxykinase (ATP),0.238,oxaloacetate,oaa,
2780,4.1.1.49,phosphoenolpyruvate carboxykinase (ATP),0.43,oxaloacetate,oaa,
2788,4.1.1.49,phosphoenolpyruvate carboxykinase (ATP),2,oxaloacetate,oaa,
2740,4.1.1.49,phosphoenolpyruvate carboxykinase (ATP),0.037,phosphoenolpyruvate,pep,
2753,4.1.1.49,phosphoenolpyruvate carboxykinase (ATP),0.082,phosphoenolpyruvate,pep,
2756,4.1.1.49,phosphoenolpyruvate carboxykinase (ATP),0.104,phosphoenolpyruvate,pep,
2757,4.1.1.49,phosphoenolpyruvate carboxykinase (ATP),0.108,phosphoenolpyruvate,pep,
2762,4.1.1.49,phosphoenolpyruvate carboxykinase (ATP),0.135,phosphoenolpyruvate,pep,
2765,4.1.1.49,phosphoenolpyruvate carboxykinase (ATP),0.17,phosphoenolpyruvate,pep,
2766,4.1.1.49,phosphoenolpyruvate carboxykinase (ATP),0.185,phosphoenolpyruvate,pep,
2769,4.1.1.49,phosphoenolpyruvate carboxykinase (ATP),0.216,phosphoenolpyruvate,pep,
2771,4.1.1.49,phosphoenolpyruvate carboxykinase (ATP),0.3,phosphoenolpyruvate,pep,
2772,4.1.1.49,phosphoenolpyruvate carboxykinase (ATP),0.307,phosphoenolpyruvate,pep,
2773,4.1.1.49,phosphoenolpyruvate carboxykinase (ATP),0.31,phosphoenolpyruvate,pep,
2774,4.1.1.49,phosphoenolpyruvate carboxykinase (ATP),0.32,phosphoenolpyruvate,pep,
2775,4.1.1.49,phosphoenolpyruvate carboxykinase (ATP),0.323,phosphoenolpyruvate,pep,
2778,4.1.1.49,phosphoenolpyruvate carboxykinase (ATP),0.402,phosphoenolpyruvate,pep,
2779,4.1.1.49,phosphoenolpyruvate carboxykinase (ATP),0.41,phosphoenolpyruvate,pep,
2781,4.1.1.49,phosphoenolpyruvate carboxykinase (ATP),0.5,phosphoenolpyruvate,pep,
2782,4.1.1.49,phosphoenolpyruvate carboxykinase (ATP),0.651,phosphoenolpyruvate,pep,
2783,4.1.1.49,phosphoenolpyruvate carboxykinase (ATP),0.72,phosphoenolpyruvate,pep,
2784,4.1.1.49,phosphoenolpyruvate carboxykinase (ATP),0.73,phosphoenolpyruvate,pep,
2785,4.1.1.49,phosphoenolpyruvate carboxykinase (ATP),0.917,phosphoenolpyruvate,pep,
2790,4.1.1.49,phosphoenolpyruvate carboxykinase (ATP),3,phosphoenolpyruvate,pep,
2804,4.1.2.13,fructose-bisphosphate aldolase,0.055,"D-fructose 1,6-bisphosphate",fdp,
2805,4.1.2.13,fructose-bisphosphate aldolase,0.2,"D-fructose 1,6-bisphosphate",fdp,
2806,4.1.2.13,fructose-bisphosphate aldolase,0.45,"D-fructose-1,6-bisphosphate",fdp,
2809,4.1.3.17,4-hydroxy-4-methyl-2-oxoglutarate aldolase,0.1265,4-hydroxy-4-methyl-2-oxoglutarate,,in ours this is OAADC which has oaa
2810,4.2.1.11,phosphopyruvate hydratase,0.031,2-phospho-D-glycerate,,"in ours, this is enolase"
2811,4.2.1.11,phosphopyruvate hydratase,0.032,2-phospho-D-glycerate,,
2812,4.2.1.11,phosphopyruvate hydratase,0.03205,2-phospho-D-glycerate,,
2813,4.2.1.11,phosphopyruvate hydratase,0.043,2-phospho-D-glycerate,,
2814,4.2.1.11,phosphopyruvate hydratase,0.04482,2-phospho-D-glycerate,,
2815,4.2.1.11,phosphopyruvate hydratase,0.05,2-phospho-D-glycerate,,
2816,4.2.1.11,phosphopyruvate hydratase,0.057,2-phospho-D-glycerate,,
2817,4.2.1.11,phosphopyruvate hydratase,0.05856,2-phospho-D-glycerate,,
2818,4.2.1.11,phosphopyruvate hydratase,0.11,2-phospho-D-glycerate,,
2819,4.2.1.11,phosphopyruvate hydratase,0.12,2-phospho-D-glycerate,,
2820,4.2.1.11,phosphopyruvate hydratase,0.131,2-phospho-D-glycerate,,
2821,4.2.1.11,phosphopyruvate hydratase,0.3,2-phospho-D-glycerate,,
2822,4.2.1.11,phosphopyruvate hydratase,0.68,2-phospho-D-glycerate,,
2823,4.2.1.130,D-lactate dehydratase,1.5,methylglyoxal,mthgxl,
2824,4.2.1.19,imidazoleglycerol-phosphate dehydratase,0.1,D-erythro-1-(imidazol-4-yl)glycerol 3-phosphate,eig3p,
2825,4.2.1.19,imidazoleglycerol-phosphate dehydratase,0.2,D-erythro-1-(imidazol-4-yl)glycerol 3-phosphate,eig3p,
2826,4.2.1.19,imidazoleglycerol-phosphate dehydratase,0.3,D-erythro-1-(imidazol-4-yl)glycerol 3-phosphate,eig3p,
2827,4.2.1.19,imidazoleglycerol-phosphate dehydratase,0.54,D-erythro-1-(imidazol-4-yl)glycerol 3-phosphate,eig3p,
2829,4.2.1.20,tryptophan synthase,0.032,1-(indol-3-yl)glycerol 3-phosphate,3ig3p,
2830,4.2.1.20,tryptophan synthase,0.07,1-(indol-3-yl)glycerol 3-phosphate,3ig3p,
2834,4.2.1.20,tryptophan synthase,0.5,1-(indol-3-yl)glycerol 3-phosphate,3ig3p,
2835,4.2.1.20,tryptophan synthase,1.1,D-glyceraldehyde 3-phosphate,g3p,
2828,4.2.1.20,tryptophan synthase,0.011,indole,,this would be for TRPS2 .. We don't hav ethis in the model
2831,4.2.1.20,tryptophan synthase,0.07,indole,,
2832,4.2.1.20,tryptophan synthase,0.16,indole,,
2833,4.2.1.20,tryptophan synthase,0.17,indole,,
2836,4.2.1.20,tryptophan synthase,5.3,L-Ser,ser__L,
2864,4.2.3.5,chorismate synthase,0.0097,O5-(1-carboxyvinyl)-3-phosphoshikimate,3psme,
2941,4.3.2.2,adenylosuccinate lyase,0.0437,"2',3'-dideoxyadenylosuccinate",25aics,Not 100%sure
2942,4.3.2.2,adenylosuccinate lyase,0.048,AMP,amp,
2943,4.3.2.2,adenylosuccinate lyase,0.52,fumarate,fum,
2940,4.3.2.2,adenylosuccinate lyase,0.012,"N6-(1,2-dicarboxyethyl)AMP",dcamp,
2977,4.4.1.5,lactoylglutathione lyase,0.06,alpha-deuteriophenylglyoxal,,
2982,4.4.1.5,lactoylglutathione lyase,0.35,glutathione,gthrd,
2984,4.4.1.5,lactoylglutathione lyase,0.41,glutathione-methylglyoxal hemithioacetal,,
2981,4.4.1.5,lactoylglutathione lyase,0.32,methylglyoxal,mthgxl,
2983,4.4.1.5,lactoylglutathione lyase,0.35,methylglyoxal,mthgxl,
2985,4.4.1.5,lactoylglutathione lyase,0.5,methylglyoxal,mthgxl,
2986,4.4.1.5,lactoylglutathione lyase,0.53,methylglyoxal,mthgxl,
2987,4.4.1.5,lactoylglutathione lyase,1.03,methylglyoxal,mthgxl,
2978,4.4.1.5,lactoylglutathione lyase,0.19,perdeuteriomethylglyoxal,,
2979,4.4.1.5,lactoylglutathione lyase,0.2,Phenylglyoxal,,
2980,4.4.1.5,lactoylglutathione lyase,0.21,Phenylglyoxal,,
2991,5.1.3.1,ribulose-phosphate 3-epimerase,1.5,D-ribulose 5-phosphate,ru5p,
2993,5.1.3.1,ribulose-phosphate 3-epimerase,15,D-ribulose 5-phosphate,ru5p,
2992,5.1.3.1,ribulose-phosphate 3-epimerase,2.4,D-ribulose-5-phosphate,ru5p,
2998,5.3.1.1,triose-phosphate isomerase,0.3,D-glyceraldehyde 3-phosphate,g3p,
3000,5.3.1.1,triose-phosphate isomerase,0.7,D-glyceraldehyde 3-phosphate,g3p,
3001,5.3.1.1,triose-phosphate isomerase,0.8,D-glyceraldehyde 3-phosphate,g3p,
3002,5.3.1.1,triose-phosphate isomerase,0.91,D-glyceraldehyde 3-phosphate,g3p,
3003,5.3.1.1,triose-phosphate isomerase,1,D-glyceraldehyde 3-phosphate,g3p,
3004,5.3.1.1,triose-phosphate isomerase,1.09,D-glyceraldehyde 3-phosphate,g3p,
3005,5.3.1.1,triose-phosphate isomerase,1.1,D-glyceraldehyde 3-phosphate,g3p,
3006,5.3.1.1,triose-phosphate isomerase,1.13,D-glyceraldehyde 3-phosphate,g3p,
3007,5.3.1.1,triose-phosphate isomerase,1.2,D-glyceraldehyde 3-phosphate,g3p,
3009,5.3.1.1,triose-phosphate isomerase,1.26,D-glyceraldehyde 3-phosphate,g3p,
3010,5.3.1.1,triose-phosphate isomerase,1.27,D-glyceraldehyde 3-phosphate,g3p,
3011,5.3.1.1,triose-phosphate isomerase,1.4,D-glyceraldehyde 3-phosphate,g3p,
3012,5.3.1.1,triose-phosphate isomerase,1.5,D-glyceraldehyde 3-phosphate,g3p,
3014,5.3.1.1,triose-phosphate isomerase,1.8,D-glyceraldehyde 3-phosphate,g3p,
3017,5.3.1.1,triose-phosphate isomerase,2.4,D-glyceraldehyde 3-phosphate,g3p,
3018,5.3.1.1,triose-phosphate isomerase,2.44,D-glyceraldehyde 3-phosphate,g3p,
3019,5.3.1.1,triose-phosphate isomerase,2.9,D-glyceraldehyde 3-phosphate,g3p,
3021,5.3.1.1,triose-phosphate isomerase,3.4,D-glyceraldehyde 3-phosphate,g3p,
3022,5.3.1.1,triose-phosphate isomerase,3.9,D-glyceraldehyde 3-phosphate,g3p,
3025,5.3.1.1,triose-phosphate isomerase,12,D-glyceraldehyde 3-phosphate,g3p,
3028,5.3.1.1,triose-phosphate isomerase,50,D-glyceraldehyde 3-phosphate,g3p,
3013,5.3.1.1,triose-phosphate isomerase,1.7,dihydroxyacetone 3-phosphate,dhap,
3016,5.3.1.1,triose-phosphate isomerase,2.3,dihydroxyacetone 3-phosphate,dhap,
3020,5.3.1.1,triose-phosphate isomerase,3.2,dihydroxyacetone 3-phosphate,dhap,
3023,5.3.1.1,triose-phosphate isomerase,4,dihydroxyacetone 3-phosphate,dhap,
3024,5.3.1.1,triose-phosphate isomerase,11,dihydroxyacetone 3-phosphate,dhap,
3026,5.3.1.1,triose-phosphate isomerase,17,dihydroxyacetone 3-phosphate,dhap,
3027,5.3.1.1,triose-phosphate isomerase,25,dihydroxyacetone 3-phosphate,dhap,
2999,5.3.1.1,triose-phosphate isomerase,0.6,dihydroxyacetone phosphate,dhap,
3015,5.3.1.1,triose-phosphate isomerase,2.1,dihydroxyacetone phosphate,dhap,
3008,5.3.1.1,triose-phosphate isomerase,1.23,glycerone phosphate,,
3029,5.3.1.24,phosphoribosylanthranilate isomerase,0.0032,N-(5-phospho-beta-D-ribosyl)anthranilate,pran,
3030,5.3.1.24,phosphoribosylanthranilate isomerase,0.004,N-(5-phospho-beta-D-ribosyl)anthranilate,pran,
3031,5.3.1.6,ribose-5-phosphate isomerase,0.74,D-ribose 5-phosphate,r5p,
3035,5.3.1.9,glucose-6-phosphate isomerase,0.084,D-glucose 6-phosphate,g6p,
3036,5.3.1.9,glucose-6-phosphate isomerase,0.11,fructose 6-phosphate,f6p,
3037,5.3.1.9,glucose-6-phosphate isomerase,0.167,fructose 6-phosphate,f6p,
3038,5.3.1.9,glucose-6-phosphate isomerase,0.3,glucose 6-phosphate,g6p,
3052,5.4.2.11,"phosphoglycerate mutase (2,3-diphosphoglycerate-dependent)",0.041,2-phosphoglycerate,2pg,
3053,5.4.2.11,"phosphoglycerate mutase (2,3-diphosphoglycerate-dependent)",0.06,2-phosphoglycerate,2pg,
3054,5.4.2.11,"phosphoglycerate mutase (2,3-diphosphoglycerate-dependent)",0.067,2-phosphoglycerate,2pg,
3055,5.4.2.11,"phosphoglycerate mutase (2,3-diphosphoglycerate-dependent)",0.22,3-phospho-D-glycerate,3pg,
3056,5.4.2.11,"phosphoglycerate mutase (2,3-diphosphoglycerate-dependent)",0.4,3-phospho-D-glycerate,3pg,
3057,5.4.2.11,"phosphoglycerate mutase (2,3-diphosphoglycerate-dependent)",0.43,3-phospho-D-glycerate,3pg,
3058,5.4.2.11,"phosphoglycerate mutase (2,3-diphosphoglycerate-dependent)",0.47,3-phospho-D-glycerate,3pg,
3060,5.4.2.11,"phosphoglycerate mutase (2,3-diphosphoglycerate-dependent)",0.63,3-phospho-D-glycerate,3pg,
3064,5.4.2.11,"phosphoglycerate mutase (2,3-diphosphoglycerate-dependent)",0.71,3-phospho-D-glycerate,3pg,
3066,5.4.2.11,"phosphoglycerate mutase (2,3-diphosphoglycerate-dependent)",1.1,3-phospho-D-glycerate,3pg,
3067,5.4.2.11,"phosphoglycerate mutase (2,3-diphosphoglycerate-dependent)",1.43,3-phospho-D-glycerate,3pg,
3051,5.4.2.11,"phosphoglycerate mutase (2,3-diphosphoglycerate-dependent)",0.026,3-phosphoglycerate,3pg,
3059,5.4.2.11,"phosphoglycerate mutase (2,3-diphosphoglycerate-dependent)",0.56,3-phosphoglycerate,3pg,
3061,5.4.2.11,"phosphoglycerate mutase (2,3-diphosphoglycerate-dependent)",0.65,3-phosphoglycerate,3pg,
3062,5.4.2.11,"phosphoglycerate mutase (2,3-diphosphoglycerate-dependent)",0.67,3-phosphoglycerate,3pg,
3063,5.4.2.11,"phosphoglycerate mutase (2,3-diphosphoglycerate-dependent)",0.68,3-phosphoglycerate,3pg,
3065,5.4.2.11,"phosphoglycerate mutase (2,3-diphosphoglycerate-dependent)",0.74,3-phosphoglycerate,3pg,
3068,5.4.2.2,"phosphoglucomutase (alpha-D-glucose-1,6-bisphosphate-dependent)",0.023,alpha-D-glucose 1-phosphate,g1p,
3069,5.4.2.2,"phosphoglucomutase (alpha-D-glucose-1,6-bisphosphate-dependent)",0.026,alpha-D-glucose 1-phosphate,g1p,
3070,5.4.2.2,"phosphoglucomutase (alpha-D-glucose-1,6-bisphosphate-dependent)",0.06,alpha-D-glucose 1-phosphate,g1p,
3071,5.4.2.2,"phosphoglucomutase (alpha-D-glucose-1,6-bisphosphate-dependent)",0.112,alpha-D-glucose 1-phosphate,g1p,
3072,5.4.2.2,"phosphoglucomutase (alpha-D-glucose-1,6-bisphosphate-dependent)",2,alpha-D-glucose 1-phosphate,g1p,
3073,5.4.2.7,phosphopentomutase,0.5,alpha-D-ribose 1-phosphate,r1p,
3074,5.4.2.7,phosphopentomutase,0.75,alpha-D-ribose 1-phosphate,r1p,
3075,5.4.99.5,chorismate mutase,0.4,chorismate,chor,
3076,5.4.99.5,chorismate mutase,0.7,chorismate,chor,
3077,5.4.99.5,chorismate mutase,0.8,chorismate,chor,
3078,5.4.99.5,chorismate mutase,1.3,chorismate,chor,
3079,5.4.99.5,chorismate mutase,1.5,chorismate,chor,
3080,5.4.99.5,chorismate mutase,1.6,chorismate,chor,
3081,5.4.99.5,chorismate mutase,5.2,chorismate,chor,
3082,5.4.99.5,chorismate mutase,6,chorismate,chor,
3083,5.4.99.5,chorismate mutase,6.3,chorismate,chor,
3306,6.2.1.1,acetate-CoA ligase,0.208,acetate,ac,
3308,6.2.1.1,acetate-CoA ligase,0.28,acetate,ac,
3309,6.2.1.1,acetate-CoA ligase,0.513,acetate,ac,
3311,6.2.1.1,acetate-CoA ligase,1.8,acetyl-CoA,accoa,
3315,6.2.1.1,acetate-CoA ligase,17,Acrylate,,
3305,6.2.1.1,acetate-CoA ligase,0.16,ATP,atp,
3310,6.2.1.1,acetate-CoA ligase,1.2,ATP,atp,
3304,6.2.1.1,acetate-CoA ligase,0.035,CoA,coa,
3307,6.2.1.1,acetate-CoA ligase,0.238,CoA,coa,
3316,6.2.1.1,acetate-CoA ligase,31.2,fluoroacetate,,
3313,6.2.1.1,acetate-CoA ligase,8.3,propanoate,,
3314,6.2.1.1,acetate-CoA ligase,10,propanoate,,
3312,6.2.1.1,acetate-CoA ligase,4.7,tripolyphosphate,,
3332,6.3.4.2,CTP synthase (glutamine hydrolysing),0.04,UTP,utp,
3333,6.3.4.2,CTP synthase (glutamine hydrolysing),0.05,UTP,utp,
3334,6.3.4.2,CTP synthase (glutamine hydrolysing),0.07,UTP,utp,
3335,6.3.4.2,CTP synthase (glutamine hydrolysing),0.08,UTP,utp,
3336,6.3.4.2,CTP synthase (glutamine hydrolysing),0.1,UTP,utp,
3344,6.3.4.4,adenylosuccinate synthase,0.06,GTP,gtp,
3345,6.3.4.4,adenylosuccinate synthase,0.081,GTP,gtp,
3346,6.3.4.4,adenylosuccinate synthase,0.16,GTP,gtp,
3347,6.3.4.4,adenylosuccinate synthase,0.2,IMP,imp,
3348,6.3.4.4,adenylosuccinate synthase,0.3,IMP,imp,
3351,6.3.4.4,adenylosuccinate synthase,1.7,IMP,imp,
3349,6.3.4.4,adenylosuccinate synthase,1,L-aspartate,asp__L,
3350,6.3.4.4,adenylosuccinate synthase,1.65,L-aspartate,asp__L,
3352,6.3.4.4,adenylosuccinate synthase,6.7,L-aspartate,asp__L,
3356,6.3.5.1,NAD+ synthase (glutamine-hydrolysing),0.17,ATP,atp,
3357,6.3.5.1,NAD+ synthase (glutamine-hydrolysing),0.19,deamido-NAD+,nad,
3360,6.3.5.1,NAD+ synthase (glutamine-hydrolysing),5,Gln,gln__L,
3358,6.3.5.1,NAD+ synthase (glutamine-hydrolysing),1.4,L-glutamine,gln__L,
3359,6.3.5.1,NAD+ synthase (glutamine-hydrolysing),3.5,L-glutamine,gln__L,
3361,6.3.5.1,NAD+ synthase (glutamine-hydrolysing),5.3,L-glutamine,gln__L,
3362,6.3.5.1,NAD+ synthase (glutamine-hydrolysing),6.4,NH4+,,no ammonia in our model.. Might be different
3363,6.3.5.4,asparagine synthase (glutamine-hydrolysing),0.57,Gln,gln__L,
3364,6.3.5.4,asparagine synthase (glutamine-hydrolysing),20,NH4+,,
3369,6.4.1.1,pyruvate carboxylase,0.05,ATP,atp,
3370,6.4.1.1,pyruvate carboxylase,0.056,ATP,atp,
3371,6.4.1.1,pyruvate carboxylase,0.07,ATP,atp,
3376,6.4.1.1,pyruvate carboxylase,1.7,Carbamoyl phosphate,,
3378,6.4.1.1,pyruvate carboxylase,10.7,Carbamoyl phosphate,,
3379,6.4.1.1,pyruvate carboxylase,11.3,Carbamoyl phosphate,,
3380,6.4.1.1,pyruvate carboxylase,12.3,Carbamoyl phosphate,,
3375,6.4.1.1,pyruvate carboxylase,1.36,HCO3-,,
3377,6.4.1.1,pyruvate carboxylase,2.3,HCO3-,,
3372,6.4.1.1,pyruvate carboxylase,0.45,pyruvate,pyr,
3373,6.4.1.1,pyruvate carboxylase,0.495,pyruvate,pyr,
3374,6.4.1.1,pyruvate carboxylase,0.5,pyruvate,pyr,
